Generation,Run_1,Run_2,Run_3,Run_4,Run_5,Run_6,Run_7,Run_8,Run_9,Run_10,Run_11,Run_12,Run_13,Run_14,Run_15,Run_16,Run_17,Run_18,Run_19,Run_20
0,321.2610318415539,306.1341432502014,323.02238387006525,328.7406477227653,310.8111413100436,305.58872043308656,314.225719319669,321.8744665854833,332.33191900832765,322.18801087132283,320.08093051729526,303.26363193268116,307.20756044756433,334.91924919302005,320.14294981476235,313.24278421281366,313.43345015881135,318.7409941899775,329.4791553732254,299.58189083023575
1,312.997085111425,306.1341432502014,319.86002037678827,328.7406477227653,310.8111413100436,305.58872043308656,314.225719319669,321.8744665854833,332.33191900832765,322.18801087132283,320.08093051729526,303.26363193268116,307.20756044756433,333.92205654230446,301.34112281815976,313.24278421281366,313.43345015881135,318.7409941899775,329.4791553732254,299.58189083023575
2,312.997085111425,306.1341432502014,292.30112925994814,328.7406477227653,306.8962961671462,305.58872043308656,314.225719319669,321.8744665854833,305.4997826405264,322.18801087132283,307.5392971244434,303.26363193268116,307.20756044756433,333.92205654230446,301.34112281815976,313.24278421281366,313.43345015881135,318.7409941899775,329.4791553732254,299.58189083023575
3,312.997085111425,306.1341432502014,292.30112925994814,328.7406477227653,306.8962961671462,305.58872043308656,314.225719319669,321.8744665854833,305.4997826405264,322.18801087132283,307.5392971244434,303.26363193268116,307.20756044756433,325.50304390180315,301.34112281815976,313.24278421281366,313.43345015881135,318.7409941899775,289.6043890613463,299.58189083023575
4,284.7515298738755,306.1341432502014,292.30112925994814,328.7406477227653,306.8962961671462,305.58872043308656,314.225719319669,321.8744665854833,305.4997826405264,310.68706755272433,307.5392971244434,303.26363193268116,307.20756044756433,325.50304390180315,301.34112281815976,313.24278421281366,313.43345015881135,318.7409941899775,289.6043890613463,299.58189083023575
5,284.7515298738755,306.1341432502014,292.30112925994814,328.7406477227653,306.8962961671462,305.58872043308656,314.225719319669,321.8744665854833,305.4997826405264,310.68706755272433,307.5392971244434,303.26363193268116,307.20756044756433,325.50304390180315,301.34112281815976,313.24278421281366,313.43345015881135,318.7409941899775,289.6043890613463,299.58189083023575
6,284.7515298738755,306.1341432502014,292.30112925994814,328.7406477227653,306.8962961671462,305.58872043308656,314.225719319669,321.8744665854833,303.5354816261238,310.68706755272433,307.5392971244434,303.26363193268116,307.20756044756433,319.13527037902077,301.34112281815976,313.24278421281366,308.583751503755,318.7409941899775,289.6043890613463,299.58189083023575
7,284.7515298738755,306.1341432502014,292.30112925994814,314.8916657508683,306.8962961671462,305.58872043308656,314.225719319669,321.8744665854833,303.5354816261238,310.68706755272433,307.5392971244434,303.26363193268116,307.20756044756433,291.5778243477292,301.34112281815976,313.24278421281366,308.583751503755,318.7409941899775,289.6043890613463,299.58189083023575
8,284.7515298738755,303.2873155784964,292.30112925994814,314.8916657508683,306.8962961671462,305.58872043308656,314.225719319669,321.8744665854833,303.12756890657704,310.68706755272433,307.5392971244434,289.08817057772774,307.20756044756433,291.5778243477292,301.34112281815976,313.24278421281366,302.3444204474708,317.0190512318733,289.6043890613463,299.58189083023575
9,284.7515298738755,303.2873155784964,292.30112925994814,314.8916657508683,306.8962961671462,305.58872043308656,314.225719319669,321.8744665854833,303.12756890657704,310.68706755272433,307.5392971244434,289.08817057772774,307.20756044756433,291.5778243477292,301.34112281815976,313.24278421281366,302.3444204474708,317.0190512318733,289.6043890613463,299.58189083023575
10,284.7515298738755,288.57935969193807,292.30112925994814,310.1333338158821,306.8962961671462,305.58872043308656,314.225719319669,312.8616094770438,303.12756890657704,310.68706755272433,307.5392971244434,289.08817057772774,307.20756044756433,291.5778243477292,287.4021112271432,313.24278421281366,297.07079114367144,317.0190512318733,289.6043890613463,299.58189083023575
11,284.7515298738755,288.57935969193807,292.30112925994814,310.1333338158821,306.8962961671462,305.58872043308656,314.225719319669,312.7831280946663,303.12756890657704,310.68706755272433,307.5392971244434,289.08817057772774,307.20756044756433,291.5778243477292,287.4021112271432,313.24278421281366,297.07079114367144,317.0190512318733,289.6043890613463,299.58189083023575
12,284.7515298738755,288.57935969193807,292.30112925994814,307.32863064787006,306.8962961671462,305.58872043308656,289.03182806171134,312.7831280946663,303.12756890657704,310.68706755272433,307.5392971244434,289.08817057772774,302.42646993086964,291.5778243477292,287.4021112271432,310.66924466274236,297.07079114367144,317.0190512318733,289.6043890613463,299.58189083023575
13,284.7515298738755,288.57935969193807,292.30112925994814,307.32863064787006,306.8962961671462,305.58872043308656,289.03182806171134,312.7831280946663,303.12756890657704,310.68706755272433,307.5392971244434,289.08817057772774,302.42646993086964,291.5778243477292,287.4021112271432,304.3078800871513,297.07079114367144,317.0190512318733,289.6043890613463,299.58189083023575
14,284.7515298738755,288.57935969193807,292.30112925994814,307.32863064787006,306.8962961671462,287.00867083353955,289.03182806171134,308.3624256981544,303.12756890657704,310.68706755272433,307.5392971244434,289.08817057772774,302.42646993086964,291.5778243477292,287.4021112271432,304.3078800871513,297.07079114367144,300.8345784063177,289.6043890613463,299.58189083023575
15,284.7515298738755,288.57935969193807,292.30112925994814,299.389579475245,306.8962961671462,287.00867083353955,289.03182806171134,308.3624256981544,303.12756890657704,309.13349720257384,307.40037117642277,289.08817057772774,302.42646993086964,291.5778243477292,287.4021112271432,304.3078800871513,297.07079114367144,300.8345784063177,289.6043890613463,299.58189083023575
16,284.7515298738755,288.57935969193807,292.30112925994814,299.389579475245,306.8962961671462,287.00867083353955,289.03182806171134,308.3624256981544,303.12756890657704,309.13349720257384,307.40037117642277,289.08817057772774,274.39688964355577,291.5778243477292,287.4021112271432,304.3078800871513,296.38103172976207,300.8345784063177,289.6043890613463,299.58189083023575
17,284.7515298738755,288.57935969193807,292.30112925994814,299.389579475245,306.8962961671462,287.00867083353955,289.03182806171134,290.8898342116351,265.1890311190571,307.3624884527228,307.40037117642277,289.08817057772774,274.39688964355577,291.5778243477292,287.4021112271432,304.3078800871513,296.38103172976207,300.8345784063177,289.6043890613463,297.389421007598
18,284.7515298738755,288.57935969193807,292.30112925994814,299.389579475245,298.11938866882855,287.00867083353955,289.03182806171134,290.8898342116351,265.1890311190571,287.9973887483735,307.40037117642277,289.08817057772774,274.39688964355577,291.5778243477292,287.4021112271432,304.3078800871513,296.38103172976207,300.8345784063177,289.6043890613463,297.389421007598
19,284.7515298738755,288.57935969193807,292.30112925994814,299.389579475245,298.11938866882855,287.00867083353955,289.03182806171134,290.8898342116351,265.1890311190571,287.9973887483735,307.40037117642277,289.08817057772774,274.39688964355577,291.5778243477292,285.5780409155089,302.9417093205997,296.38103172976207,300.8345784063177,289.6043890613463,297.389421007598
20,284.7515298738755,288.57935969193807,292.30112925994814,299.389579475245,298.11938866882855,287.00867083353955,289.03182806171134,288.62483120163364,265.1890311190571,287.9973887483735,307.40037117642277,289.08817057772774,274.39688964355577,291.5778243477292,285.5780409155089,296.91770326875513,296.38103172976207,300.8345784063177,289.6043890613463,297.389421007598
21,284.7515298738755,288.57935969193807,292.30112925994814,299.389579475245,298.11938866882855,287.00867083353955,289.03182806171134,288.62483120163364,265.1890311190571,287.9973887483735,307.40037117642277,289.08817057772774,274.39688964355577,291.5778243477292,276.31330509727957,296.91770326875513,296.38103172976207,300.8345784063177,289.6043890613463,297.389421007598
22,284.7515298738755,286.6424628706606,292.30112925994814,282.8419171132864,298.11938866882855,287.00867083353955,289.03182806171134,288.62483120163364,265.1890311190571,287.9973887483735,300.72727053755125,289.08817057772774,274.39688964355577,291.5778243477292,276.31330509727957,296.91770326875513,296.38103172976207,300.8345784063177,275.8593376895658,297.389421007598
23,284.7515298738755,286.6424628706606,292.30112925994814,277.3698881217474,298.11938866882855,287.00867083353955,289.03182806171134,288.62483120163364,265.1890311190571,287.9973887483735,254.206325034533,289.08817057772774,274.39688964355577,274.81326759334814,276.31330509727957,296.91770326875513,296.38103172976207,300.8345784063177,275.8593376895658,297.389421007598
24,284.7515298738755,286.6424628706606,284.2147158313567,277.3698881217474,298.11938866882855,287.00867083353955,289.03182806171134,288.62483120163364,265.1890311190571,287.9973887483735,254.206325034533,289.08817057772774,274.39688964355577,272.92658081560967,276.31330509727957,296.91770326875513,296.38103172976207,300.8345784063177,275.8593376895658,297.389421007598
25,284.7515298738755,286.6424628706606,284.2147158313567,262.95310216550155,298.11938866882855,287.00867083353955,289.03182806171134,288.62483120163364,265.1890311190571,287.9973887483735,254.206325034533,289.08817057772774,274.39688964355577,272.92658081560967,276.31330509727957,296.91770326875513,296.38103172976207,300.8345784063177,275.8593376895658,297.389421007598
26,284.7515298738755,286.6424628706606,284.2147158313567,262.95310216550155,298.11938866882855,287.00867083353955,289.03182806171134,288.62483120163364,265.1890311190571,287.9973887483735,254.206325034533,289.08817057772774,274.39688964355577,272.92658081560967,276.31330509727957,296.91770326875513,296.38103172976207,288.66114583760424,275.8593376895658,295.88532060615694
27,284.7515298738755,286.6424628706606,284.2147158313567,262.95310216550155,298.11938866882855,287.00867083353955,289.03182806171134,288.62483120163364,265.1890311190571,287.9973887483735,254.206325034533,289.08817057772774,274.39688964355577,272.92658081560967,276.31330509727957,286.6609044831611,296.38103172976207,288.66114583760424,275.8593376895658,295.88532060615694
28,282.337412875189,286.6424628706606,284.2147158313567,262.95310216550155,298.11938866882855,287.00867083353955,289.03182806171134,288.62483120163364,265.1890311190571,287.9973887483735,254.206325034533,288.7312644928419,274.39688964355577,272.92658081560967,276.31330509727957,286.6609044831611,296.38103172976207,270.8345494001901,275.8593376895658,295.88532060615694
29,280.7182372412327,286.6424628706606,284.2147158313567,262.95310216550155,298.11938866882855,287.00867083353955,289.03182806171134,288.62483120163364,265.1890311190571,287.9973887483735,254.206325034533,288.7312644928419,274.39688964355577,272.92658081560967,276.31330509727957,286.6609044831611,296.38103172976207,270.8345494001901,275.8593376895658,295.88532060615694
30,280.7182372412327,286.6424628706606,284.2147158313567,262.95310216550155,298.11938866882855,287.00867083353955,289.03182806171134,288.62483120163364,265.1890311190571,287.9973887483735,254.206325034533,288.7312644928419,274.39688964355577,272.92658081560967,264.24473059676177,286.46935126683684,296.38103172976207,270.8345494001901,275.8593376895658,295.88532060615694
31,280.7182372412327,286.6424628706606,284.2147158313567,262.95310216550155,298.11938866882855,287.00867083353955,289.03182806171134,288.62483120163364,265.1890311190571,287.9973887483735,254.206325034533,288.7312644928419,274.39688964355577,272.92658081560967,264.24473059676177,286.46935126683684,296.38103172976207,270.8345494001901,275.8593376895658,295.88532060615694
32,280.7182372412327,286.6424628706606,284.2147158313567,262.95310216550155,294.1061933740725,287.00867083353955,285.12975845187117,288.62483120163364,255.4215954227048,287.9973887483735,254.206325034533,288.7312644928419,274.39688964355577,272.92658081560967,264.24473059676177,286.46935126683684,296.38103172976207,270.8345494001901,275.8593376895658,295.88532060615694
33,280.7182372412327,275.3961520922663,284.2147158313567,262.95310216550155,294.1061933740725,287.00867083353955,285.12975845187117,288.62483120163364,255.4215954227048,287.9973887483735,254.206325034533,288.7312644928419,274.39688964355577,272.92658081560967,264.24473059676177,276.7157860092207,296.38103172976207,270.8345494001901,275.8593376895658,295.88532060615694
34,280.7182372412327,275.3961520922663,282.6838301352282,262.95310216550155,294.1061933740725,287.00867083353955,285.12975845187117,288.62483120163364,255.4215954227048,287.9973887483735,254.206325034533,288.7312644928419,274.39688964355577,272.92658081560967,264.24473059676177,276.7157860092207,296.38103172976207,270.8345494001901,275.8593376895658,295.88532060615694
35,280.7182372412327,275.3961520922663,282.6838301352282,262.95310216550155,294.1061933740725,287.00867083353955,279.3165214023074,288.62483120163364,255.4215954227048,287.9973887483735,254.206325034533,287.86875157136194,274.39688964355577,272.92658081560967,264.24473059676177,276.7157860092207,296.38103172976207,270.8345494001901,275.8593376895658,295.88532060615694
36,280.7182372412327,275.3961520922663,282.6838301352282,262.95310216550155,294.1061933740725,287.00867083353955,279.3165214023074,282.7179941496189,255.4215954227048,287.9973887483735,254.206325034533,266.1861592482091,274.39688964355577,272.92658081560967,264.24473059676177,276.7157860092207,285.5071484423554,270.8345494001901,275.8593376895658,295.88532060615694
37,280.7182372412327,275.3961520922663,278.37301702659755,262.95310216550155,294.1061933740725,287.00867083353955,279.3165214023074,282.7179941496189,255.4215954227048,287.9973887483735,254.206325034533,266.1861592482091,274.39688964355577,272.92658081560967,264.24473059676177,276.7157860092207,285.5071484423554,270.8345494001901,275.8593376895658,295.88532060615694
38,280.7182372412327,275.3961520922663,278.37301702659755,262.95310216550155,294.1061933740725,287.00867083353955,279.3165214023074,282.7179941496189,255.4215954227048,287.9973887483735,254.206325034533,266.1861592482091,271.2287486037086,272.92658081560967,264.24473059676177,263.903334884316,285.5071484423554,270.8345494001901,275.8593376895658,295.88532060615694
39,280.7182372412327,275.3961520922663,278.37301702659755,262.95310216550155,294.1061933740725,287.00867083353955,279.3165214023074,282.7179941496189,255.4215954227048,285.2685364351117,254.206325034533,266.1861592482091,271.2287486037086,272.92658081560967,264.24473059676177,263.903334884316,285.5071484423554,270.8345494001901,275.8593376895658,295.88532060615694
40,280.7182372412327,275.3961520922663,278.37301702659755,262.95310216550155,294.1061933740725,287.00867083353955,279.3165214023074,282.7179941496189,255.4215954227048,285.2685364351117,254.206325034533,266.1861592482091,271.2287486037086,272.92658081560967,264.24473059676177,263.903334884316,285.5071484423554,270.8345494001901,275.8593376895658,295.88532060615694
41,280.7182372412327,275.3961520922663,278.37301702659755,262.95310216550155,294.1061933740725,287.00867083353955,279.3165214023074,282.7179941496189,255.4215954227048,276.4615986449842,254.206325034533,266.1861592482091,271.2287486037086,272.92658081560967,264.24473059676177,263.903334884316,285.5071484423554,270.8345494001901,275.8593376895658,295.88532060615694
42,280.7182372412327,275.3961520922663,278.37301702659755,262.95310216550155,294.1061933740725,284.6715029019334,279.3165214023074,282.7179941496189,255.4215954227048,276.4615986449842,254.206325034533,266.1861592482091,271.2287486037086,272.92658081560967,264.24473059676177,263.903334884316,285.5071484423554,270.8345494001901,275.8593376895658,295.88532060615694
43,280.7182372412327,275.3961520922663,278.37301702659755,262.95310216550155,294.1061933740725,284.6715029019334,279.3165214023074,282.7179941496189,255.4215954227048,276.4615986449842,254.206325034533,266.1861592482091,271.2287486037086,272.92658081560967,264.24473059676177,263.903334884316,285.5071484423554,270.8345494001901,275.8593376895658,295.88532060615694
44,280.7182372412327,275.3961520922663,278.37301702659755,262.95310216550155,294.1061933740725,284.6715029019334,279.3165214023074,282.7179941496189,255.4215954227048,276.4615986449842,254.206325034533,266.1861592482091,271.2287486037086,272.92658081560967,264.24473059676177,263.903334884316,285.5071484423554,270.8345494001901,275.8593376895658,295.88532060615694
45,271.5089203621902,275.3961520922663,278.37301702659755,262.95310216550155,277.55416423997474,284.6715029019334,279.3165214023074,282.7179941496189,255.4215954227048,276.4615986449842,254.206325034533,266.1861592482091,271.2287486037086,272.92517907669367,264.24473059676177,263.903334884316,285.5071484423554,266.5826316357318,275.8593376895658,295.88532060615694
46,271.5089203621902,275.3961520922663,278.37301702659755,262.95310216550155,277.55416423997474,284.6715029019334,279.3165214023074,282.7179941496189,255.4215954227048,276.4615986449842,254.206325034533,266.1861592482091,271.2287486037086,272.92517907669367,264.24473059676177,263.903334884316,285.5071484423554,266.5826316357318,275.8593376895658,295.88532060615694
47,271.5089203621902,275.3961520922663,278.37301702659755,262.95310216550155,277.55416423997474,284.6715029019334,279.3165214023074,282.7179941496189,255.4215954227048,276.4615986449842,254.206325034533,266.1861592482091,271.2287486037086,272.92517907669367,264.24473059676177,263.903334884316,285.5071484423554,266.5826316357318,275.8593376895658,295.88532060615694
48,271.5089203621902,275.3961520922663,278.37301702659755,262.95310216550155,277.55416423997474,284.6715029019334,279.3165214023074,282.7179941496189,255.4215954227048,276.4615986449842,254.206325034533,266.1861592482091,271.2287486037086,272.92517907669367,264.24473059676177,263.903334884316,285.5071484423554,266.5826316357318,275.8593376895658,295.46832324960417
49,271.5089203621902,275.3961520922663,274.22035233684295,262.95310216550155,277.55416423997474,284.6715029019334,279.3165214023074,282.7179941496189,255.4215954227048,276.4615986449842,254.206325034533,266.1861592482091,271.2287486037086,272.92517907669367,264.24473059676177,263.903334884316,285.5071484423554,266.5826316357318,275.8593376895658,287.57769868550156
50,271.5089203621902,275.3961520922663,274.22035233684295,262.95310216550155,277.55416423997474,284.6715029019334,279.3165214023074,282.7179941496189,255.4215954227048,276.4615986449842,254.206325034533,266.1861592482091,271.2287486037086,272.92517907669367,264.24473059676177,263.903334884316,285.5071484423554,266.5826316357318,275.8593376895658,287.57769868550156
51,271.5089203621902,275.3961520922663,274.22035233684295,262.95310216550155,277.55416423997474,284.6715029019334,279.3165214023074,282.7179941496189,255.4215954227048,276.4615986449842,254.206325034533,266.1861592482091,271.2287486037086,272.92517907669367,264.24473059676177,263.903334884316,285.5071484423554,266.5826316357318,275.8593376895658,287.57769868550156
52,271.5089203621902,275.3961520922663,274.22035233684295,262.95310216550155,277.55416423997474,284.6715029019334,279.3165214023074,282.7179941496189,255.4215954227048,276.4615986449842,254.206325034533,266.1861592482091,271.2287486037086,272.92517907669367,264.24473059676177,263.903334884316,285.5071484423554,266.5826316357318,275.8593376895658,258.9786935323194
53,271.5089203621902,275.3961520922663,274.22035233684295,262.95310216550155,277.55416423997474,284.6715029019334,279.3165214023074,282.7179941496189,255.4215954227048,276.4615986449842,254.206325034533,266.1861592482091,271.2287486037086,272.92517907669367,264.24473059676177,263.903334884316,285.5071484423554,266.5826316357318,275.8593376895658,258.9786935323194
54,271.5089203621902,275.3961520922663,274.22035233684295,262.95310216550155,277.55416423997474,284.6715029019334,279.3165214023074,282.7179941496189,255.4215954227048,276.4615986449842,254.206325034533,266.1861592482091,271.2287486037086,272.92517907669367,264.24473059676177,263.903334884316,285.5071484423554,266.5826316357318,275.8593376895658,258.9786935323194
55,271.5089203621902,275.3961520922663,274.22035233684295,262.95310216550155,277.55416423997474,284.6715029019334,279.3165214023074,282.7179941496189,255.4215954227048,276.4615986449842,254.206325034533,266.1861592482091,271.2287486037086,272.92517907669367,264.24473059676177,263.903334884316,285.5071484423554,266.5826316357318,275.8593376895658,258.9786935323194
56,271.5089203621902,275.3961520922663,274.22035233684295,262.95310216550155,277.55416423997474,284.6715029019334,279.3165214023074,282.515097779279,255.4215954227048,276.4615986449842,254.206325034533,266.1861592482091,271.2287486037086,272.92517907669367,264.24473059676177,263.903334884316,285.5071484423554,266.5826316357318,275.8593376895658,258.9786935323194
57,271.5089203621902,275.3961520922663,274.22035233684295,262.95310216550155,277.55416423997474,284.6715029019334,279.3165214023074,282.515097779279,255.4215954227048,276.4615986449842,254.206325034533,266.1861592482091,271.2287486037086,272.92517907669367,264.24473059676177,263.903334884316,285.5071484423554,266.5826316357318,269.51697488604873,258.9786935323194
58,271.5089203621902,275.3961520922663,274.22035233684295,262.95310216550155,277.55416423997474,284.6715029019334,279.3165214023074,282.515097779279,255.4215954227048,276.4615986449842,254.206325034533,266.1861592482091,271.2287486037086,272.92517907669367,264.24473059676177,263.903334884316,285.5071484423554,266.5826316357318,269.51697488604873,258.9786935323194
59,271.5089203621902,275.3961520922663,274.22035233684295,262.95310216550155,277.55416423997474,284.6715029019334,279.3165214023074,282.515097779279,255.4215954227048,276.4615986449842,254.206325034533,266.1861592482091,271.2287486037086,272.92517907669367,263.034055063543,263.903334884316,285.5071484423554,266.5826316357318,269.51697488604873,258.9786935323194
60,271.5089203621902,275.3961520922663,274.22035233684295,262.95310216550155,277.55416423997474,284.6715029019334,279.3165214023074,282.515097779279,255.4215954227048,276.4615986449842,254.206325034533,266.1861592482091,271.2287486037086,272.92517907669367,263.034055063543,263.903334884316,285.5071484423554,266.5826316357318,269.51697488604873,258.9786935323194
61,271.5089203621902,275.3961520922663,274.22035233684295,262.95310216550155,277.55416423997474,284.6715029019334,279.3165214023074,282.515097779279,255.4215954227048,276.4615986449842,254.206325034533,266.1861592482091,271.2287486037086,272.92517907669367,263.034055063543,263.903334884316,285.5071484423554,266.5826316357318,269.51697488604873,258.9786935323194
62,271.5089203621902,275.3961520922663,274.22035233684295,262.95310216550155,277.55416423997474,278.24871128908035,279.3165214023074,282.515097779279,255.4215954227048,276.4615986449842,254.206325034533,266.1861592482091,271.2287486037086,272.92517907669367,263.034055063543,263.903334884316,285.5071484423554,266.5826316357318,269.51697488604873,258.9786935323194
63,271.5089203621902,275.3961520922663,274.22035233684295,262.95310216550155,272.0659603570239,278.24871128908035,279.3165214023074,282.515097779279,255.4215954227048,276.4615986449842,254.206325034533,266.1861592482091,271.2287486037086,272.92517907669367,263.034055063543,263.903334884316,285.5071484423554,266.5826316357318,269.51697488604873,258.9786935323194
64,271.5089203621902,275.3961520922663,274.22035233684295,262.95310216550155,272.0659603570239,278.24871128908035,279.3165214023074,282.515097779279,255.4215954227048,276.4615986449842,254.206325034533,266.1861592482091,271.2287486037086,272.92517907669367,263.034055063543,263.903334884316,285.5071484423554,266.5826316357318,269.51697488604873,258.9786935323194
65,271.5089203621902,275.3961520922663,274.22035233684295,262.95310216550155,272.0659603570239,278.24871128908035,279.3165214023074,282.515097779279,255.4215954227048,276.4615986449842,254.206325034533,266.1861592482091,271.2287486037086,272.92517907669367,263.034055063543,263.903334884316,285.5071484423554,266.5826316357318,269.51697488604873,258.9786935323194
66,265.8623079469186,275.3961520922663,274.22035233684295,262.95310216550155,272.0659603570239,278.24871128908035,279.3165214023074,282.515097779279,255.4215954227048,276.4615986449842,254.206325034533,266.1861592482091,271.2287486037086,272.92517907669367,263.034055063543,263.903334884316,285.5071484423554,266.5826316357318,269.51697488604873,258.9786935323194
67,265.8623079469186,275.3961520922663,274.22035233684295,262.95310216550155,272.0659603570239,278.24871128908035,279.3165214023074,282.515097779279,255.4215954227048,276.4615986449842,254.206325034533,266.1861592482091,271.2287486037086,272.92517907669367,263.034055063543,263.903334884316,285.5071484423554,266.5826316357318,269.51697488604873,258.9786935323194
68,265.8623079469186,275.3961520922663,274.22035233684295,262.95310216550155,272.0659603570239,278.24871128908035,279.3165214023074,282.515097779279,255.4215954227048,276.4615986449842,254.206325034533,266.1861592482091,271.2287486037086,272.92517907669367,263.034055063543,263.903334884316,285.5071484423554,266.5826316357318,269.51697488604873,258.9786935323194
69,265.8623079469186,275.3961520922663,274.22035233684295,262.95310216550155,272.0659603570239,278.24871128908035,279.3165214023074,272.8722474730474,255.4215954227048,276.4615986449842,254.206325034533,266.1861592482091,271.2287486037086,272.92517907669367,263.034055063543,263.903334884316,285.5071484423554,266.5826316357318,269.51697488604873,258.9786935323194
70,265.8623079469186,275.3961520922663,274.22035233684295,262.95310216550155,272.0659603570239,278.24871128908035,279.3165214023074,272.8722474730474,255.4215954227048,274.1880236344848,254.206325034533,266.1861592482091,271.2287486037086,272.92517907669367,263.034055063543,263.903334884316,285.5071484423554,266.5826316357318,269.51697488604873,258.9786935323194
71,265.8623079469186,275.3961520922663,274.2115255052333,262.95310216550155,272.0659603570239,278.24871128908035,266.682321668644,272.8722474730474,255.4215954227048,274.1880236344848,254.206325034533,266.1861592482091,271.2287486037086,272.92517907669367,263.034055063543,263.903334884316,285.5071484423554,266.5826316357318,269.51697488604873,258.9786935323194
72,265.8623079469186,275.3961520922663,274.2115255052333,262.95310216550155,272.0659603570239,278.24871128908035,266.682321668644,272.8722474730474,255.4215954227048,274.1880236344848,254.206325034533,266.1861592482091,271.2287486037086,272.92517907669367,263.034055063543,263.903334884316,285.5071484423554,266.5826316357318,269.51697488604873,258.9786935323194
73,265.8623079469186,275.3961520922663,274.2115255052333,262.95310216550155,272.0659603570239,270.474998241766,266.682321668644,272.8722474730474,255.4215954227048,274.1880236344848,254.206325034533,266.1861592482091,271.2287486037086,272.92517907669367,263.034055063543,263.903334884316,285.5071484423554,266.5826316357318,269.51697488604873,258.9786935323194
74,265.8623079469186,275.3961520922663,274.2115255052333,262.95310216550155,263.1654132178361,270.474998241766,266.682321668644,272.8722474730474,255.4215954227048,274.1880236344848,254.206325034533,266.1861592482091,271.2287486037086,272.92517907669367,263.034055063543,263.903334884316,285.5071484423554,266.5826316357318,269.51697488604873,258.9786935323194
75,265.8623079469186,254.09890369388512,274.2115255052333,262.95310216550155,263.1654132178361,270.474998241766,266.682321668644,272.8722474730474,255.4215954227048,274.1880236344848,254.206325034533,266.1861592482091,271.2287486037086,272.92517907669367,263.034055063543,263.903334884316,285.5071484423554,266.5826316357318,269.51697488604873,258.9786935323194
76,265.8623079469186,254.09890369388512,274.2115255052333,262.95310216550155,262.32972328623333,270.474998241766,266.682321668644,272.8722474730474,255.4215954227048,274.1880236344848,254.206325034533,266.1861592482091,271.2287486037086,272.92517907669367,263.034055063543,263.903334884316,285.5071484423554,266.5826316357318,269.51697488604873,258.9786935323194
77,265.8623079469186,254.09890369388512,274.2115255052333,262.95310216550155,262.32972328623333,270.474998241766,266.682321668644,272.8722474730474,255.4215954227048,274.1880236344848,254.206325034533,266.1861592482091,271.2287486037086,272.92517907669367,263.034055063543,263.903334884316,285.5071484423554,266.5826316357318,269.51697488604873,258.9786935323194
78,265.8623079469186,254.09890369388512,274.2115255052333,262.95310216550155,262.32972328623333,270.474998241766,266.682321668644,272.8722474730474,255.4215954227048,274.1880236344848,254.206325034533,266.1861592482091,271.2287486037086,272.92517907669367,263.034055063543,263.903334884316,285.5071484423554,266.5826316357318,269.51697488604873,258.9786935323194
79,265.8623079469186,254.09890369388512,274.2115255052333,262.95310216550155,262.32972328623333,270.474998241766,266.682321668644,272.8722474730474,255.4215954227048,274.1880236344848,254.206325034533,266.1861592482091,271.2287486037086,272.92517907669367,263.034055063543,263.903334884316,285.5071484423554,266.5826316357318,269.51697488604873,258.9786935323194
80,262.4524599561362,254.09890369388512,274.2115255052333,262.95310216550155,262.32972328623333,270.474998241766,266.682321668644,272.8722474730474,255.4215954227048,274.1880236344848,254.206325034533,266.1861592482091,271.2287486037086,272.92517907669367,263.034055063543,263.903334884316,285.5071484423554,266.5826316357318,269.51697488604873,258.9786935323194
81,262.4524599561362,254.09890369388512,271.30621649804186,262.95310216550155,262.32972328623333,270.474998241766,266.682321668644,272.8722474730474,255.4215954227048,274.1880236344848,254.206325034533,266.1861592482091,271.2287486037086,272.92517907669367,263.034055063543,263.903334884316,285.5071484423554,266.5826316357318,269.51697488604873,258.9786935323194
82,262.4524599561362,254.09890369388512,271.30621649804186,262.95310216550155,262.32972328623333,270.474998241766,266.682321668644,272.8722474730474,255.4215954227048,274.1880236344848,254.206325034533,266.1861592482091,271.2287486037086,272.92517907669367,263.034055063543,263.903334884316,285.5071484423554,266.5826316357318,269.51697488604873,258.9786935323194
83,262.4524599561362,254.09890369388512,271.30621649804186,262.95310216550155,262.32972328623333,270.474998241766,266.682321668644,272.8722474730474,255.4215954227048,274.1880236344848,254.206325034533,266.1861592482091,271.2287486037086,272.92517907669367,263.034055063543,263.903334884316,285.5071484423554,266.5826316357318,269.51697488604873,258.9786935323194
84,262.4524599561362,254.09890369388512,271.30621649804186,262.95310216550155,262.32972328623333,270.474998241766,266.682321668644,272.8722474730474,255.4215954227048,274.1880236344848,254.206325034533,266.1861592482091,271.2287486037086,272.92517907669367,263.034055063543,263.903334884316,285.5071484423554,266.5826316357318,269.51697488604873,258.9786935323194
85,262.4524599561362,254.09890369388512,271.30621649804186,262.95310216550155,262.32972328623333,270.474998241766,266.682321668644,272.8722474730474,255.4215954227048,274.1880236344848,254.206325034533,266.1861592482091,271.2287486037086,272.92517907669367,263.034055063543,263.903334884316,285.5071484423554,266.5826316357318,269.51697488604873,258.9786935323194
86,262.4524599561362,254.09890369388512,271.30621649804186,262.95310216550155,262.32972328623333,270.474998241766,266.682321668644,272.8722474730474,255.4215954227048,274.1880236344848,254.206325034533,266.1861592482091,271.2287486037086,272.92517907669367,263.034055063543,263.903334884316,277.47668000166436,266.5826316357318,269.51697488604873,258.9786935323194
87,262.4524599561362,254.09890369388512,271.30621649804186,262.95310216550155,262.32972328623333,270.474998241766,266.682321668644,272.8722474730474,255.4215954227048,274.1880236344848,254.206325034533,266.1861592482091,271.2287486037086,272.92517907669367,263.034055063543,263.903334884316,277.47668000166436,266.5826316357318,269.51697488604873,258.9786935323194
88,262.4524599561362,254.09890369388512,271.30621649804186,262.95310216550155,262.32972328623333,270.474998241766,266.682321668644,272.8722474730474,255.4215954227048,246.94653045180468,254.206325034533,266.1861592482091,271.2287486037086,272.92517907669367,263.034055063543,263.903334884316,277.47668000166436,266.5826316357318,269.51697488604873,258.9786935323194
89,262.4524599561362,254.09890369388512,271.30621649804186,262.95310216550155,262.32972328623333,266.18683335525003,266.682321668644,272.8722474730474,255.4215954227048,246.94653045180468,254.206325034533,266.1861592482091,271.2287486037086,272.92517907669367,263.034055063543,263.903334884316,277.47668000166436,266.5826316357318,269.51697488604873,258.9786935323194
90,262.4524599561362,254.09890369388512,271.30621649804186,262.95310216550155,262.32972328623333,266.18683335525003,266.682321668644,272.8722474730474,255.4215954227048,246.94653045180468,254.206325034533,266.1861592482091,271.2287486037086,272.92517907669367,263.034055063543,263.903334884316,277.47668000166436,266.5826316357318,269.51697488604873,258.9786935323194
91,262.4524599561362,254.09890369388512,271.30621649804186,262.95310216550155,262.32972328623333,266.18683335525003,266.682321668644,272.8722474730474,255.4215954227048,246.94653045180468,254.206325034533,266.1861592482091,271.2287486037086,272.92517907669367,263.034055063543,263.903334884316,277.47668000166436,266.5826316357318,269.51697488604873,258.9786935323194
92,262.4524599561362,254.09890369388512,271.30621649804186,262.95310216550155,262.32972328623333,266.18683335525003,266.682321668644,272.8722474730474,255.4215954227048,246.94653045180468,254.206325034533,266.1861592482091,271.2287486037086,272.92517907669367,263.034055063543,263.903334884316,277.47668000166436,266.5826316357318,269.51697488604873,258.9786935323194
93,262.4524599561362,254.09890369388512,271.30621649804186,262.95310216550155,262.32972328623333,266.18683335525003,266.682321668644,272.8722474730474,255.4215954227048,246.94653045180468,254.206325034533,266.1861592482091,271.2287486037086,272.92517907669367,263.034055063543,263.903334884316,277.47668000166436,266.5826316357318,269.51697488604873,258.9786935323194
94,262.4524599561362,254.09890369388512,271.30621649804186,262.95310216550155,262.32972328623333,266.18683335525003,261.89434781984824,272.8722474730474,255.4215954227048,246.94653045180468,254.206325034533,266.1861592482091,271.2287486037086,272.92517907669367,263.034055063543,263.903334884316,277.47668000166436,266.5826316357318,269.51697488604873,258.9786935323194
95,262.4524599561362,254.09890369388512,271.30621649804186,262.95310216550155,262.32972328623333,266.18683335525003,261.89434781984824,272.8722474730474,255.4215954227048,246.94653045180468,254.206325034533,266.1861592482091,271.2287486037086,272.92517907669367,263.034055063543,263.903334884316,277.47668000166436,266.5826316357318,269.51697488604873,258.9786935323194
96,262.4524599561362,254.09890369388512,271.30621649804186,262.95310216550155,262.32972328623333,266.18683335525003,261.89434781984824,272.8722474730474,255.4215954227048,246.94653045180468,254.206325034533,266.1861592482091,271.2287486037086,272.92517907669367,263.034055063543,263.903334884316,277.47668000166436,266.5826316357318,269.51697488604873,258.9786935323194
97,262.4524599561362,254.09890369388512,271.30621649804186,262.95310216550155,262.32972328623333,266.18683335525003,261.89434781984824,272.8722474730474,249.97385100462085,246.94653045180468,254.206325034533,266.1861592482091,271.2287486037086,272.92517907669367,263.034055063543,263.903334884316,277.47668000166436,266.5826316357318,269.51697488604873,258.9786935323194
98,262.4524599561362,254.09890369388512,271.30621649804186,262.95310216550155,262.32972328623333,266.18683335525003,261.89434781984824,272.8722474730474,249.97385100462085,246.94653045180468,254.206325034533,266.1861592482091,271.2287486037086,272.92517907669367,263.034055063543,263.903334884316,277.47668000166436,266.5826316357318,269.51697488604873,258.9786935323194
99,262.4524599561362,254.09890369388512,271.30621649804186,262.95310216550155,262.32972328623333,266.18683335525003,261.89434781984824,272.8722474730474,249.97385100462085,246.94653045180468,254.206325034533,266.1861592482091,271.2287486037086,272.92517907669367,263.034055063543,263.903334884316,277.47668000166436,266.5826316357318,269.51697488604873,258.9786935323194
100,262.4524599561362,254.09890369388512,271.30621649804186,262.95310216550155,262.32972328623333,266.18683335525003,261.89434781984824,272.8722474730474,249.97385100462085,246.94653045180468,254.206325034533,266.1861592482091,271.2287486037086,272.92517907669367,263.034055063543,263.903334884316,271.90947891163773,266.5826316357318,269.51697488604873,258.9786935323194
